--
-- PostgreSQL database dump
--

-- Dumped from database version 10.15 (Debian 10.15-1.pgdg90+1)
-- Dumped by pg_dump version 14.2

SET statement_timeout = 0;
SET lock_timeout = 0;
SET idle_in_transaction_session_timeout = 0;
SET client_encoding = 'UTF8';
SET standard_conforming_strings = on;
SELECT pg_catalog.set_config('search_path', '', false);
SET check_function_bodies = false;
SET xmloption = content;
SET client_min_messages = warning;
SET row_security = off;

SET default_tablespace = '';

--
-- Name: failed_jobs; Type: TABLE; Schema: public; Owner: postgres
--

CREATE TABLE public.failed_jobs (
    id bigint NOT NULL,
    uuid character varying(255) NOT NULL,
    connection text NOT NULL,
    queue text NOT NULL,
    payload text NOT NULL,
    exception text NOT NULL,
    failed_at timestamp(0) without time zone DEFAULT CURRENT_TIMESTAMP NOT NULL
);


ALTER TABLE public.failed_jobs OWNER TO postgres;

--
-- Name: failed_jobs_id_seq; Type: SEQUENCE; Schema: public; Owner: postgres
--

CREATE SEQUENCE public.failed_jobs_id_seq
    START WITH 1
    INCREMENT BY 1
    NO MINVALUE
    NO MAXVALUE
    CACHE 1;


ALTER TABLE public.failed_jobs_id_seq OWNER TO postgres;

--
-- Name: failed_jobs_id_seq; Type: SEQUENCE OWNED BY; Schema: public; Owner: postgres
--

ALTER SEQUENCE public.failed_jobs_id_seq OWNED BY public.failed_jobs.id;


--
-- Name: invoice; Type: TABLE; Schema: public; Owner: postgres
--

CREATE TABLE public.invoice (
    id bigint NOT NULL,
    system_code character varying(20) NOT NULL,
    invoice_number character varying(100) NOT NULL,
    invoice_date date NOT NULL,
    due_date date NOT NULL,
    payment_details text NOT NULL,
    status character varying(1) NOT NULL,
    payment_method_id bigint NOT NULL,
    amount numeric
);


ALTER TABLE public.invoice OWNER TO postgres;

--
-- Name: invoice_id_seq; Type: SEQUENCE; Schema: public; Owner: postgres
--

CREATE SEQUENCE public.invoice_id_seq
    START WITH 1
    INCREMENT BY 1
    NO MINVALUE
    NO MAXVALUE
    CACHE 1;


ALTER TABLE public.invoice_id_seq OWNER TO postgres;

--
-- Name: invoice_id_seq; Type: SEQUENCE OWNED BY; Schema: public; Owner: postgres
--

ALTER SEQUENCE public.invoice_id_seq OWNED BY public.invoice.id;


--
-- Name: m_payment_method; Type: TABLE; Schema: public; Owner: postgres
--

CREATE TABLE public.m_payment_method (
    id bigint NOT NULL,
    payment_method_code character varying(20) NOT NULL,
    payment_method_name character varying(255) NOT NULL,
    description character varying(255) NOT NULL,
    logo character varying(255)
);


ALTER TABLE public.m_payment_method OWNER TO postgres;

--
-- Name: m_payment_method_id_seq; Type: SEQUENCE; Schema: public; Owner: postgres
--

CREATE SEQUENCE public.m_payment_method_id_seq
    START WITH 1
    INCREMENT BY 1
    NO MINVALUE
    NO MAXVALUE
    CACHE 1;


ALTER TABLE public.m_payment_method_id_seq OWNER TO postgres;

--
-- Name: m_payment_method_id_seq; Type: SEQUENCE OWNED BY; Schema: public; Owner: postgres
--

ALTER SEQUENCE public.m_payment_method_id_seq OWNED BY public.m_payment_method.id;


--
-- Name: m_system; Type: TABLE; Schema: public; Owner: postgres
--

CREATE TABLE public.m_system (
    id bigint NOT NULL,
    system_code character varying(20) NOT NULL,
    system_name character varying(255) NOT NULL,
    description character varying(255) NOT NULL,
    logo character varying(255),
    callback_url text
);


ALTER TABLE public.m_system OWNER TO postgres;

--
-- Name: m_system_id_seq; Type: SEQUENCE; Schema: public; Owner: postgres
--

CREATE SEQUENCE public.m_system_id_seq
    START WITH 1
    INCREMENT BY 1
    NO MINVALUE
    NO MAXVALUE
    CACHE 1;


ALTER TABLE public.m_system_id_seq OWNER TO postgres;

--
-- Name: m_system_id_seq; Type: SEQUENCE OWNED BY; Schema: public; Owner: postgres
--

ALTER SEQUENCE public.m_system_id_seq OWNED BY public.m_system.id;


--
-- Name: migrations; Type: TABLE; Schema: public; Owner: postgres
--

CREATE TABLE public.migrations (
    id integer NOT NULL,
    migration character varying(255) NOT NULL,
    batch integer NOT NULL
);


ALTER TABLE public.migrations OWNER TO postgres;

--
-- Name: migrations_id_seq; Type: SEQUENCE; Schema: public; Owner: postgres
--

CREATE SEQUENCE public.migrations_id_seq
    AS integer
    START WITH 1
    INCREMENT BY 1
    NO MINVALUE
    NO MAXVALUE
    CACHE 1;


ALTER TABLE public.migrations_id_seq OWNER TO postgres;

--
-- Name: migrations_id_seq; Type: SEQUENCE OWNED BY; Schema: public; Owner: postgres
--

ALTER SEQUENCE public.migrations_id_seq OWNED BY public.migrations.id;


--
-- Name: password_resets; Type: TABLE; Schema: public; Owner: postgres
--

CREATE TABLE public.password_resets (
    email character varying(255) NOT NULL,
    token character varying(255) NOT NULL,
    created_at timestamp(0) without time zone
);


ALTER TABLE public.password_resets OWNER TO postgres;

--
-- Name: users; Type: TABLE; Schema: public; Owner: postgres
--

CREATE TABLE public.users (
    id bigint NOT NULL,
    name character varying(255) NOT NULL,
    email character varying(255) NOT NULL,
    email_verified_at timestamp(0) without time zone,
    password character varying(255) NOT NULL,
    remember_token character varying(100),
    created_at timestamp(0) without time zone,
    updated_at timestamp(0) without time zone
);


ALTER TABLE public.users OWNER TO postgres;

--
-- Name: users_id_seq; Type: SEQUENCE; Schema: public; Owner: postgres
--

CREATE SEQUENCE public.users_id_seq
    START WITH 1
    INCREMENT BY 1
    NO MINVALUE
    NO MAXVALUE
    CACHE 1;


ALTER TABLE public.users_id_seq OWNER TO postgres;

--
-- Name: users_id_seq; Type: SEQUENCE OWNED BY; Schema: public; Owner: postgres
--

ALTER SEQUENCE public.users_id_seq OWNED BY public.users.id;


--
-- Name: failed_jobs id; Type: DEFAULT; Schema: public; Owner: postgres
--

ALTER TABLE ONLY public.failed_jobs ALTER COLUMN id SET DEFAULT nextval('public.failed_jobs_id_seq'::regclass);


--
-- Name: invoice id; Type: DEFAULT; Schema: public; Owner: postgres
--

ALTER TABLE ONLY public.invoice ALTER COLUMN id SET DEFAULT nextval('public.invoice_id_seq'::regclass);


--
-- Name: m_payment_method id; Type: DEFAULT; Schema: public; Owner: postgres
--

ALTER TABLE ONLY public.m_payment_method ALTER COLUMN id SET DEFAULT nextval('public.m_payment_method_id_seq'::regclass);


--
-- Name: m_system id; Type: DEFAULT; Schema: public; Owner: postgres
--

ALTER TABLE ONLY public.m_system ALTER COLUMN id SET DEFAULT nextval('public.m_system_id_seq'::regclass);


--
-- Name: migrations id; Type: DEFAULT; Schema: public; Owner: postgres
--

ALTER TABLE ONLY public.migrations ALTER COLUMN id SET DEFAULT nextval('public.migrations_id_seq'::regclass);


--
-- Name: users id; Type: DEFAULT; Schema: public; Owner: postgres
--

ALTER TABLE ONLY public.users ALTER COLUMN id SET DEFAULT nextval('public.users_id_seq'::regclass);


--
-- Data for Name: failed_jobs; Type: TABLE DATA; Schema: public; Owner: postgres
--

COPY public.failed_jobs (id, uuid, connection, queue, payload, exception, failed_at) FROM stdin;
\.


--
-- Data for Name: invoice; Type: TABLE DATA; Schema: public; Owner: postgres
--

COPY public.invoice (id, system_code, invoice_number, invoice_date, due_date, payment_details, status, payment_method_id, amount) FROM stdin;
1	100	PAY/005/2021	2021-07-02	2021-08-01	{"va_number":"1002928812299"}	R	1	100000
2	100	PAY/006/2021	2021-07-02	2021-08-01	{"va_number":"1002928812299"}	R	1	100000
3	100	PAY/007/2021	2021-07-02	2021-08-01	{"va_number":"1002928812299"}	R	1	100000
4	100	PAY/008/2021	2021-07-02	2021-08-01	{}	R	1	100000
5	100	PAY/009/2021	2021-07-02	2021-08-01	{}	R	1	100000
6	100	PAY/0090/2021	2021-07-02	2021-08-01	{"va_number":[{"bank":"bca","va_number":"23003878733"}]}	R	1	100000
7	100	PAY/0091/2021	2021-07-02	2021-08-01	{"va_number":"23003137975"}	R	1	100000
8	100	PAY/0092/2021	2021-07-02	2021-08-01	{"va_number":"23003012152"}	R	1	100000
9	100	PAY/0093/2021	2021-07-02	2021-08-01	{"va_number":"23003798118"}	R	1	100000
10	100	PAY/0094/2021	2021-07-02	2021-08-01	{"va_number":"23003398766"}	R	1	100000
11	100	PAY/0095/2021	2021-07-02	2021-08-01	{"va_number":"230033520177467911"}	R	1	100000
12	100	PAY/0096/2021	2021-07-02	2021-08-01	{"va_number":"23003111111"}	R	1	100000
13	100	PAY/0097/2021	2021-07-02	2021-08-01	{"va_number":"230031008901"}	R	1	100000
14	100	PAY/0098/2021	2021-07-02	2021-08-01	{"va_number":"230031008101"}	R	1	100000
15	100	PAY/0099/2021	2021-07-02	2021-08-01	{"va_number":"23003001001"}	R	1	100000
16	100	PAY/0099/2021	2021-07-02	2021-08-01	{}	R	2	100000
17	100	PAY/00100/2021	2021-07-02	2021-08-01	{"va_number":"23003984393"}	R	2	100000
18	100	PAY/00101/2021	2021-07-02	2021-08-01	{"va_number":"23003001002"}	R	2	100000
19	100	12021070512247I84ZWNY0	2021-07-05	2021-07-06	{"va_number":"1002928812299"}	C	4	6000000
20	100	12021070512247I85F2QSK	2021-07-05	2021-07-06	{"va_number":"1002928812299"}	C	2	6000000
21	100	PAY/00103/2021	2021-07-06	2021-08-05	{"payment_method":"BCAVA","va_number":"23003001002"}	R	2	100000
22	100	PAY/00104/2021	2021-07-06	2021-08-05	{"payment_method":"BCAVA","va_number":"23003001005"}	R	2	100000
23	100	PAY/00105/2021	2021-07-06	2021-08-05	{"payment_method":"BCAVA","va_number":"23003001005"}	R	2	100000
24	100	12021070615247I03S9697	2021-07-06	2021-07-07	{"payment_method":"BRIVA","va_number":"230030000000001004"}	R	1	1200000
25	100	12021070615247I30RTBXV	2021-07-06	2021-07-07	{"payment_method":"BCAVA","va_number":"23003000100"}	R	2	1200000
26	100	PAY/00107/2021	2021-07-06	2021-08-05	{"payment_method":"BCAVA","va_number":"23003001007"}	R	2	100000
27	100	PAY/00108/2021	2021-07-06	2021-08-05	{"payment_method":"BCAVA","va_number":"23003001008"}	R	2	100000
28	100	PAY/00109/2021	2021-07-06	2021-08-05	{"payment_method":"BCAVA","va_number":"23003001009"}	R	2	100000
29	100	PAY/00110/2021	2021-07-06	2021-08-05	{"payment_method":"BCAVA","va_number":"23003010010"}	R	2	100000
30	100	PAY/00111/2021	2021-07-06	2021-08-05	{"payment_method":"BCAVA","va_number":"23003010011"}	R	2	100000
31	100	12021070618247I586NP82	2021-07-06	2021-07-07	{"payment_method":"BCAVA","va_number":"23003001004"}	R	2	750000
32	100	PAY/00112/2021	2021-07-06	2021-08-05	{"payment_method":"BRIVA","va_number":"230030000000010011"}	R	1	100000
33	100	PAY/00112/2021	2021-07-06	2021-08-05	{"payment_method":"BNIVA","va_number":"9882300300010011"}	R	3	100000
34	100	PAY/00112/2021	2021-07-06	2021-08-05	{"payment_method":"MANDIRIVA","bill_key":"327894052834","biller_code":"70012"}	R	4	100000
36	100	12021070713247I03H1SQ8	2021-07-07	2021-07-08	{"payment_method":"BCAVA","va_number":"23003090880"}	R	2	600000
46	100	PAY/001597/2021	2021-07-13	2021-08-12	{"rc":"00","rd":"Transaksi Anda sedang dalam proses, Silakan transfer ke Bank BRI dengan No Rekening : 57889381337888522, sebesar Rp. 100.000-. (Batas waktu max : 2021-07-13 12:58)   Terimakasih","request_time":"2021-07-13 10:58:25.972009","data":{"reff_id":"340774007","payment_code":"57889381337888522","order_id":"PAY\\/001597\\/2021","request_key":"","url_listener":"https:\\/\\/billing.pttas.xyz\\/winpay\\/listener","payment_method":"BRI VIRTUAL ACCOUNT","payment_method_code":"BRIVA","fee_admin":0,"total_amount":100000,"spi_status_url":"https:\\/\\/secure-payment.winpay.id\\/guidance\\/index\\/briva?payid=e2e767e09825317acac636dfa6c6dc49"},"response_time":"2021-07-13 10:58:27.732061"}	R	1	100000
37	100	PAY/00113/2021	2021-07-07	2021-08-06	{"payment_method":"BNIVA","va_number":"9882300300010013"}	S	3	100000
35	100	12021070713247I4676AQ9	2021-07-07	2021-07-08	{"payment_method":"BCAVA","va_number":"23003155477"}	S	2	600000
38	100	PAY/00114/2021	2021-07-07	2021-08-06	{"payment_method":"BNIVA","va_number":"9882300300010014"}	S	3	100000
39	100	12021070914247I51YXUDJ	2021-07-09	2021-07-10	{"payment_method":"BCAVA","va_number":"23003001004"}	R	2	1650000
40	100	12021070914247I95QXBMK	2021-07-09	2021-07-10	{"payment_method":"BRIVA","va_number":"230030000000001004"}	R	1	1650000
41	100	12021070915247I53UVRWE	2021-07-09	2021-07-10	{"payment_method":"BRIVA","va_number":"230034141686783533"}	R	1	825000
42	100	12021070915247I22X14HH	2021-07-09	2021-07-10	{"payment_method":"MANDIRIVA","bill_key":"432962447511","biller_code":"70012"}	R	4	825000
43	100	12021070915247I522GEEU	2021-07-09	2021-07-10	{"payment_method":"MANDIRIVA","bill_key":"573944799315","biller_code":"70012"}	R	4	825000
44	100	12021070915247I80BHTFT	2021-07-09	2021-07-10	{"payment_method":"BCAVA","va_number":"23003000100"}	R	2	825000
45	100	PAY/00159/2021	2021-07-13	2021-08-12	{"rc":"99","rd":"Not Authorized, this field spi_billingPhone value can't be empty !","request_time":"2021-07-13 10:57:03.163530","data":[],"response_time":"2021-07-13 10:57:03.564038"}	R	1	100000
47	100	PAY/00153/2021	2021-07-13	2021-08-12	{"payment_method":"BRIVA","va_number":"57889381337888522"}	R	1	100000
48	100	PAY/00153/2021	2021-07-13	2021-08-12	{"payment_method":"MANDIRIVA","va_number":"88898181337888522"}	R	4	100000
49	100	PAY/00154/2021	2021-07-13	2021-08-12	{"payment_method":"MANDIRIVA","va_number":"88898181337888522"}	R	4	11000
50	100	PAY/00155/2021	2021-07-13	2021-08-12	{"payment_method":"MANDIRIVA","va_number":"88898181337888522"}	R	4	11000
51	100	PAY/00155/2021	2021-07-13	2021-08-12	{"payment_method":"BRIVA","va_number":"57889381337888522"}	R	1	11000
52	100	PAY/00155/2021	2021-07-13	2021-08-12	{"payment_method":"BNIVA","va_number":"9887888450085147"}	R	3	11000
118	100	12021080313248I04R9EII	2021-08-03	2021-08-04	{}	R	4	825000
53	100	PAY/00157/2021	2021-07-13	2021-08-12	{"payment_method":"MANDIRIVA","va_number":"88898181337888522"}	R	4	11000
178	100	12022012715241I36MOOWX	2022-01-27	2022-01-28	{}	R	1	1650000
54	100	PAY/00158/2021	2021-07-13	2021-08-12	{"payment_method":"MANDIRIVA","va_number":"88898185600087901"}	R	4	11000
55	100	PAY/00159/2021	2021-07-13	2021-08-12	{"payment_method":"MANDIRIVA","va_number":"88898185600087901"}	R	4	12000
56	100	PAY/00154/2021/11	2021-07-13	2021-08-12	{"payment_method":"MANDIRIVA","va_number":"88898185600087901"}	R	4	10000
57	100	PAY/00154/2021/12	2021-07-13	2021-08-12	{"payment_method":"MANDIRIVA","va_number":"88898185600087901"}	R	4	10000
58	100	PAY/00154/2021/13	2021-07-13	2021-08-12	{"payment_method":"MANDIRIVA","va_number":"88898185600087902"}	R	4	10000
59	100	PAY/2021/07/00154	2021-07-14	2021-08-13	{"payment_method":"MANDIRIVA","va_number":"88898185727393663"}	R	4	1500000
79	100	PAY/00176/2021/224	2021-07-26	2021-08-25	null	R	2	10000
80	100	PAY/00176/2021/225	2021-07-26	2021-08-25	null	R	2	10000
81	100	12021072708247I14AYY7R	2021-07-27	2021-07-28	{}	R	4	825000
82	100	12021072708247I796RB37	2021-07-27	2021-07-28	{}	R	4	660000
83	100	PAY/00154/2021/90	2021-07-31	2021-08-30	null	R	2	10000
84	100	PAY/00154/2021/90	2021-07-31	2021-08-30	{"payment_method":"BRIVA","va_number":"57889385600087902"}	R	1	10000
85	100	12021080203248I653JEYL	2021-08-02	2021-08-03	{}	R	4	825000
86	100	12021080203248I13HXUC9	2021-08-02	2021-08-03	{}	R	4	825000
87	100	PAY/00154/2021/19	2021-08-02	2021-09-01	{"payment_method":"MANDIRIVA","va_number":"88898185600087901"}	R	4	10000
60	100	PAY/2021/07/00155	2021-07-14	2021-08-13	{"payment_method":"MANDIRIVA","va_number":"888981000198748"}	S	4	15000
61	100	PAY/2021/07/00158	2021-07-19	2021-08-18	{"payment_method":"MANDIRIVA","va_number":"888981832129202022"}	R	4	15000
62	100	PAY/2021/07/00159	2021-07-22	2021-08-21	{"payment_method":"MANDIRIVA","va_number":"888981832129202022"}	R	4	10000
63	100	12021072317247I61NXLWK	2021-07-23	2021-07-24	{}	R	4	825000
64	100	12021072317247I286IYBJ	2021-07-23	2021-07-24	{}	R	4	825000
65	100	12021072317247I51M36MP	2021-07-23	2021-07-24	{}	R	1	825000
66	100	12021072317247I45ALP8D	2021-07-23	2021-07-24	{"payment_method":"BCAVA","va_number":""}	R	2	825000
67	100	PAY/00154/2021/16	2021-07-26	2021-08-25	{"payment_method":"MANDIRIVA","va_number":""}	R	4	10000
68	100	PAY/00154/2021/18	2021-07-26	2021-08-25	{"payment_method":"MANDIRIVA","va_number":""}	R	4	10000
69	100	PAY/00155/2021/18	2021-07-26	2021-08-25	{"payment_method":"BCAVA","va_number":""}	R	2	10000
70	100	PAY/00155/2021/18	2021-07-26	2021-08-25	{"payment_method":"MANDIRIVA","va_number":"88898185600087902"}	R	4	10000
71	100	PAY/00155/2021/189	2021-07-26	2021-08-25	{}	R	2	10000
72	100	PAY/00156/2021/189	2021-07-26	2021-08-25	{}	R	2	10000
73	100	PAY/00156/2021/210	2021-07-26	2021-08-25	{}	R	2	10000
74	100	PAY/00156/2021/211	2021-07-26	2021-08-25	null	R	2	10000
75	100	PAY/00156/2021/221	2021-07-26	2021-08-25	null	R	2	10000
76	100	PAY/00156/2021/222	2021-07-26	2021-08-25	null	R	2	10000
77	100	PAY/00176/2021/222	2021-07-26	2021-08-25	null	R	2	10000
78	100	PAY/00176/2021/223	2021-07-26	2021-08-25	null	R	2	10000
88	100	PAY/00154/2021/20	2021-08-02	2021-09-01	{"payment_method":"MANDIRIVA","va_number":"88898185600087901"}	R	4	13000
89	100	PAY/00154/2021/21	2021-08-02	2021-09-01	{"payment_method":"MANDIRIVA","va_number":"88898181337818212"}	R	4	10000
90	100	PAY/00154/2021/22	2021-08-02	2021-09-01	{"payment_method":"MANDIRIVA","va_number":"88898181337818212"}	R	4	11000
91	100	12021080313248I42HON0V	2021-08-03	2021-08-04	{}	R	4	825000
92	100	PAY/00154/2021/80	2021-08-03	2021-09-02	{"payment_method":"MANDIRIVA","va_number":"88898185600087901"}	R	4	10000
93	100	12021080313248I78YOTA8	2021-08-03	2021-08-04	null	R	2	825000
94	100	12021080313248I671VSQP	2021-08-03	2021-08-04	{}	R	4	825000
95	100	12021080313248I04U3AFN	2021-08-03	2021-08-04	{}	R	4	825000
96	100	PAY/00154/2021/81	2021-08-03	2021-09-02	{"payment_method":"MANDIRIVA","va_number":"88898189100787211"}	R	4	10000
97	100	PAY/00154/2021/85	2021-08-03	2021-09-02	{}	R	4	10000
98	100	PAY/00154/2021/88	2021-08-03	2021-09-02	{"payment_method":"MANDIRIVA","va_number":"888981000209410"}	R	4	10000
99	100	PAY/00154/2021/89	2021-08-03	2021-09-02	{"payment_method":"MANDIRIVA","va_number":"88898189100787211"}	R	4	10000
100	100	PAY/00154/2021/891	2021-08-03	2021-09-02	{"payment_method":"MANDIRIVA","va_number":"88898189100787211"}	R	4	11000
101	100	PAY/001/2021aaa	2021-08-03	2021-08-04	{"payment_method":"BRIVA","va_number":"57889382135809940"}	R	1	100000
102	100	PAY/001/2021aaaa	2021-08-03	2021-08-04	{}	R	1	100000
103	100	PAY/00154/2021/892	2021-08-03	2021-09-02	{}	R	4	11000
104	100	PAY/001/2021aaaa10	2021-08-03	2021-08-04	{}	R	1	100000
105	100	PAY/001/2021a10	2021-08-03	2021-08-04	{}	R	1	100000
106	100	12021080313248I171O2SU	2021-08-03	2021-08-04	{}	R	4	825000
107	100	PAY/00154/2021/893	2021-08-03	2021-09-02	{"payment_method":"MANDIRIVA","va_number":"88898189100787211","ref_code":"345547645"}	R	4	11000
108	100	12021080313248I81NRH5H	2021-08-03	2021-08-04	{}	R	4	825000
109	100	12021080313248I876LU6S	2021-08-03	2021-08-04	{"payment_method":"BRIVA","va_number":"57889382325302731","ref_code":"345547697"}	R	1	1650000
110	100	12021080313248I31SEY6K	2021-08-03	2021-08-04	{"payment_method":"BRIVA","va_number":"57889382325302731","ref_code":"345547795"}	R	1	825000
111	100	12021080313248I946S7TA	2021-08-03	2021-08-04	{}	R	4	825000
112	100	12021080313248I98RT36Z	2021-08-03	2021-08-04	{}	R	4	825000
113	100	12021080313248I220UTQU	2021-08-03	2021-08-04	{}	R	1	825000
114	100	12021080313248I613TI1X	2021-08-03	2021-08-04	{"payment_method":"BRIVA","va_number":"57889382325302731","ref_code":"345549885"}	R	1	825000
115	100	12021080313248I02UC8CL	2021-08-03	2021-08-04	{}	R	4	825000
116	100	12021080313248I04R9EIG	2021-08-03	2021-08-04	{}	R	4	825000
117	100	12021080313248I04R9EIH	2021-08-03	2021-08-04	{}	R	4	825000
119	100	12021080313	2021-08-03	2021-08-04	{"payment_method":"MANDIRIVA","va_number":"888981000209428","ref_code":"345551171"}	R	4	825000
120	100	12021080313248I68CUPHW	2021-08-03	2021-08-04	{"payment_method":"BCAVA","va_number":"","ref_code":""}	R	2	825000
121	100	12021080313	2021-08-03	2021-08-04	{"payment_method":"BCAVA","va_number":"","ref_code":""}	R	2	825000
122	100	1202108033	2021-08-03	2021-08-04	{"payment_method":"BCAVA","va_number":"","ref_code":""}	R	2	825000
123	100	12021080313248I581Z00Y	2021-08-03	2021-08-04	{"payment_method":"BRIVA","va_number":"578893000296575","ref_code":"345552526"}	R	1	825000
124	100	PAY/00154/20200001	2021-08-03	2021-09-02	{"payment_method":"MANDIRIVA","va_number":"888981000209435","ref_code":"345552604"}	R	4	10000
125	100	PAY/00154/20200002	2021-08-03	2021-09-02	{"payment_method":"BCAVA","va_number":"","ref_code":""}	R	2	10000
126	100	32423423423423	2021-08-03	2021-09-02	{}	R	4	10000
127	100	3242342342342s3	2021-08-03	2021-09-02	{"payment_method":"MANDIRIVA","va_number":"888981000209439","ref_code":"345553318"}	R	4	10000
128	100	12021080306248I14HATEM	2021-08-03	2021-08-04	{"payment_method":"BNIVA","va_number":"9887888450088135","ref_code":"345553410"}	R	3	825000
129	100	12021080313248I55HKEOG	2021-08-03	2021-08-04	{"payment_method":"BRIVA","va_number":"578893000296576","ref_code":"345553932"}	R	1	825000
130	100	12021080313248I46EZJHY	2021-08-03	2021-08-04	{"payment_method":"MANDIRIVA","va_number":"888981000209441","ref_code":"345554048"}	R	4	825000
131	100	412021080506248I15U5S4M	2021-08-05	2021-08-06	{"payment_method":"MANDIRIVA","va_number":"888981000211482","ref_code":"346040315"}	S	4	33000
149	100	12021090617249I758G9NX	2021-09-06	2021-09-07	{"payment_method":"BRIVA","va_number":"578893000307525","ref_code":"352669121"}	R	1	3050000
132	100	412021080507248I82W6UG5	2021-08-05	2021-08-06	{"payment_method":"MANDIRIVA","va_number":"888981000211500","ref_code":"346046666"}	S	4	13200
133	100	12021081215248I23LOGTZ	2021-08-12	2021-08-13	{"payment_method":"BRIVA","va_number":"578893000299600","ref_code":"347501653"}	R	1	6000000
134	100	12021081217248I15DSQYW	2021-08-12	2021-08-13	{"payment_method":"BRIVA","va_number":"578893000299633","ref_code":"347519682"}	R	1	825000
135	100	PAY/001/2021	2021-08-13	2021-09-12	null	R	1	100000
136	100	PAY/001/2029001	2021-08-13	2021-09-12	null	R	1	100000
137	100	PAY/001/2029001/asasas	2021-08-13	2021-09-12	null	R	1	100000
138	100	PAY/001/2029001/ask3239	2021-08-13	2021-09-12	null	R	1	100000
139	100	PAY/001/2029001/ask323o9	2021-08-13	2021-09-12	{}	R	1	100000
140	100	PAY/001/2029001/ask323so9	2021-08-13	2021-09-12	{}	R	1	100000
141	100	342424	2021-08-13	2021-09-12	{}	R	1	100000
142	100	34242s4	2021-08-13	2021-09-12	{}	R	1	100000
143	100	PAY/00154/2021/1990	2021-08-13	2021-09-12	{"payment_method":"MANDIRIVA","va_number":"888981000217916","ref_code":"347708273"}	R	4	10000
144	100	12021081807248I36CFF2U	2021-08-18	2021-08-19	{"payment_method":"MANDIRIVA","va_number":"888981000220496","ref_code":"348699850"}	R	4	825000
145	100	12021081807248I137BRAJ	2021-08-18	2021-08-19	{"payment_method":"MANDIRIVA","va_number":"888981000220499","ref_code":"348700264"}	S	4	33000
146	100	12021082415248I97SL7G1	2021-08-24	2021-08-25	{"payment_method":"MANDIRIVA","va_number":"888981000223542","ref_code":"350060806"}	R	4	1650000
147	100	12021090617249I64HUWDL	2021-09-06	2021-09-07	{"payment_method":"BRIVA","va_number":"578893000307520","ref_code":"352667614"}	R	1	1500000
148	100	12021090617249I48B0AHD	2021-09-06	2021-09-07	{"payment_method":"BRIVA","va_number":"578893000307522","ref_code":"352668451"}	R	1	3150000
150	100	12021090617249I537JOQN	2021-09-06	2021-09-07	{"payment_method":"BCAVA","va_number":"","ref_code":""}	R	2	3050000
151	100	12021090718249I51TUR5N	2021-09-07	2021-09-08	{"payment_method":"BRIVA","va_number":"578893000307831","ref_code":"352858770"}	R	1	1650000
152	100	12021092112249I05JT73T	2021-09-21	2021-09-22	{"payment_method":"BRIVA","va_number":"578893000312258","ref_code":"355395325"}	R	1	13200000
153	101	S9F42KVGQZ	2021-11-01	2021-11-02	{"payment_method":"BRIVA","va_number":"578893000329234","ref_code":"362217630"}	R	1	165000
154	101	1WO0VZZC3AZ	2021-11-01	2021-11-02	{"payment_method":"BRIVA","va_number":"578893000329236","ref_code":"362217775"}	R	1	165000
155	101	1TC3OU8ALO8	2021-11-01	2021-11-02	{"payment_method":"BRIVA","va_number":"578893000329244","ref_code":"362220056"}	R	1	165000
156	101	1IB6LSWMHSC	2021-11-01	2021-11-02	{"payment_method":"BRIVA","va_number":"578893000329245","ref_code":"362220197"}	R	1	165000
157	101	1QS5B8AZQF0	2021-11-01	2021-11-02	{"payment_method":"BRIVA","va_number":"578893000329247","ref_code":"362220338"}	R	1	165000
158	101	1DS62CNM7VF	2021-11-01	2021-11-02	{"payment_method":"BRIVA","va_number":"578893000329250","ref_code":"362220881"}	R	1	165000
159	101	1RBQCLE9F0R	2021-11-01	2021-11-02	{"payment_method":"BRIVA","va_number":"578893000329338","ref_code":"362246303"}	R	1	165000
160	101	1WO43MUQ8X0	2021-11-01	2021-11-02	{"payment_method":"BRIVA","va_number":"578893000329408","ref_code":"362263913"}	R	1	165000
161	101	108QOWU3PTV	2022-01-03	2022-01-04	{"payment_method":"BRIVA","va_number":"578893000362394","ref_code":"372371656"}	R	1	131947
167	99	PAY/00154/2021/1990	2022-01-21	2022-02-20	{"payment_method":"QRIS"}	R	5	10000
162	100	12022011001241I182TLJ1	2022-01-10	2022-01-11	{"payment_method":"MANDIRIVA","va_number":"888981000349933","ref_code":"373541262"}	S	4	33000
163	101	1W8V07O9J3C	2022-01-10	2022-01-11	{}	R	2	110000
164	101	1278S0TBUK6	2022-01-10	2022-01-11	{}	R	2	110000
165	101	1RSQFN60PQ5	2022-01-10	2022-01-11	{}	R	2	110000
166	101	1J375IUEM11	2022-01-10	2022-01-11	{"payment_method":"BRIVA","va_number":"578893000368601","ref_code":"373659669"}	R	1	110000
168	99	PAY/00154/2021/1991	2022-01-21	2022-02-20	{"payment_method":"QRIS"}	R	5	10000
169	100	12022012715241I51ULDPY	2022-01-27	2022-01-28	{}	R	1	1650000
170	100	12022012715241I84HKRND	2022-01-27	2022-01-28	{}	R	1	1650000
171	100	PAY/001/2021a101	2022-01-27	2022-01-28	{"payment_method":"BRIVA","va_number":"578893000422494","ref_code":"376193637"}	R	1	100000
172	100	12022012715241I49T697B	2022-01-27	2022-01-28	{}	R	1	1650000
173	100	12022012715241I40OJ680	2022-01-27	2022-01-28	{}	R	1	1650000
174	100	12022012715241I40OJ6801	2022-01-27	2022-01-28	{"payment_method":"BRIVA","va_number":"578893000422504","ref_code":"376193888"}	R	1	100000
175	100	12022012715241I74Y8VMY	2022-01-27	2022-01-28	{}	R	1	1650000
176	100	12022012715241I36MOOWQ	2022-01-27	2022-01-28	{}	R	1	1650000
177	100	12022012715241I36MOOWW	2022-01-27	2022-01-28	{}	R	1	1650000
179	100	12022012715241I36MOOWZ	2022-01-27	2022-01-28	{}	R	1	1650000
180	100	12022012715241I36MOOWA	2022-01-27	2022-01-28	{"payment_method":"BRIVA","va_number":"578893000422549","ref_code":"376203193"}	R	1	1650000
181	100	12022012715241I36MOOWB	2022-01-27	2022-01-28	{"payment_method":"BRIVA","va_number":"578893000422551","ref_code":"376205217"}	R	1	1650000
182	100	12022012715241I24IEM64	2022-01-27	2022-01-28	{"payment_method":"BRIVA","va_number":"578893000422552","ref_code":"376205744"}	R	1	1650000
183	100	12022013118241I59P659J	2022-01-31	2022-02-01	{}	R	2	598400
184	100	12022013118241I926M8SQ	2022-01-31	2022-02-01	{}	R	2	598400
185	100	12022013118241I75RL56Z	2022-01-31	2022-02-01	{"payment_method":"BRIVA","va_number":"578893000436623","ref_code":"376757430"}	R	1	598400
186	100	12022013118241I816WRAO	2022-01-31	2022-02-01	{"payment_method":"BRIVA","va_number":"578893000436624","ref_code":"376757450"}	R	1	598400
187	100	12022013118241I85970JM	2022-01-31	2022-02-01	{"payment_method":"BRIVA","va_number":"578893000436626","ref_code":"376757469"}	R	1	598400
188	100	12022013118241I47FK1SP	2022-01-31	2022-02-01	{"payment_method":"BRIVA","va_number":"578893000436628","ref_code":"376757493"}	R	1	1795200
189	100	12022013118241I24RXXYO	2022-01-31	2022-02-01	{"payment_method":"BRIVA","va_number":"578893000436634","ref_code":"376757563"}	R	1	1795200
190	100	12022013118241I543I6WD	2022-01-31	2022-02-01	{"payment_method":"BRIVA","va_number":"578893000436636","ref_code":"376757596"}	R	1	1795200
191	100	12022013118241I17TR5OR	2022-01-31	2022-02-01	{"payment_method":"BRIVA","va_number":"578893000436639","ref_code":"376757623"}	R	1	1795200
192	100	12022013118241I565L7WR	2022-01-31	2022-02-01	{"payment_method":"BRIVA","va_number":"578893000436646","ref_code":"376757749"}	R	1	3590400
193	100	12022013118241I142615Q	2022-01-31	2022-02-01	{"payment_method":"BRIVA","va_number":"578893000436652","ref_code":"376757840"}	R	1	3590400
194	100	12022020211242I531LJ1C	2022-02-02	2022-02-03	{"payment_method":"MANDIRIVA","va_number":"888981000377605","ref_code":"376888928"}	R	4	3300000
195	100	12022020415242I52K9EZL	2022-02-04	2022-02-05	{"payment_method":"BRIVA","va_number":"578893000450948","ref_code":"377000756"}	R	1	1386000
196	100	12022020415242I92KBUQ5	2022-02-04	2022-02-05	{"payment_method":"BRIVA","va_number":"578893000450962","ref_code":"377001242"}	R	1	1386000
197	100	12022020415242I92FKHKK	2022-02-04	2022-02-05	{"payment_method":"BRIVA","va_number":"578893000450964","ref_code":"377001304"}	R	1	1386000
198	100	12022020714242I562C1SS	2022-02-07	2022-02-08	{"payment_method":"BRIVA","va_number":"578893000456512","ref_code":"377175796"}	R	1	1386000
199	100	12022020714242I36EWPXY	2022-02-07	2022-02-08	{"payment_method":"BRIVA","va_number":"578893000456515","ref_code":"377175809"}	R	1	1386000
200	100	12022020919242I65BSK24	2022-02-09	2022-02-10	{"payment_method":"BRIVA","va_number":"578893000459999","ref_code":"377303768"}	R	1	1386000
201	100	12022020920242I92385DF	2022-02-09	2022-02-10	{"payment_method":"BRIVA","va_number":"578893000460058","ref_code":"377305292"}	R	1	462000
202	100	12022020920242I17H7BS4	2022-02-09	2022-02-10	{"payment_method":"BRIVA","va_number":"578893000460079","ref_code":"377305802"}	R	1	462000
203	100	12022020920242I13UR8QO	2022-02-09	2022-02-10	{"payment_method":"BRIVA","va_number":"578893000460080","ref_code":"377305818"}	R	1	462000
204	100	12022020920242I37JP3EC	2022-02-09	2022-02-10	{"payment_method":"BRIVA","va_number":"578893000460099","ref_code":"377306129"}	R	1	462000
205	100	12022020920242I60DPA2B	2022-02-09	2022-02-10	{"payment_method":"BRIVA","va_number":"578893000460102","ref_code":"377306255"}	R	1	462000
206	100	12022020920242I2519QKE	2022-02-09	2022-02-10	{"payment_method":"BRIVA","va_number":"578893000460117","ref_code":"377306719"}	R	1	462000
207	100	12022020920242I08TV6EN	2022-02-09	2022-02-10	{"payment_method":"BRIVA","va_number":"578893000460123","ref_code":"377306826"}	R	1	462000
208	100	12022020920242I40WPIK5	2022-02-09	2022-02-10	{"payment_method":"BRIVA","va_number":"578893000460128","ref_code":"377306971"}	R	1	462000
209	100	12022020921242I87B99I0	2022-02-09	2022-02-10	{"payment_method":"BRIVA","va_number":"578893000460153","ref_code":"377307685"}	R	1	1428900
210	100	12022020921242I92V5DHD	2022-02-09	2022-02-10	{"payment_method":"BRIVA","va_number":"578893000460158","ref_code":"377307746"}	R	1	1428900
211	100	12022020921242I597C5RD	2022-02-09	2022-02-10	{"payment_method":"BRIVA","va_number":"578893000460163","ref_code":"377307849"}	R	1	1428900
212	100	12022020921242I62QBQAO	2022-02-09	2022-02-10	{"payment_method":"BRIVA","va_number":"578893000460164","ref_code":"377307874"}	R	1	1428900
213	100	12022020921242I25J0M65	2022-02-09	2022-02-10	{"payment_method":"BRIVA","va_number":"578893000460171","ref_code":"377308041"}	R	1	1428900
214	100	12022012715241I40OJ68011	2022-02-22	2022-02-23	{"payment_method":"BRIVA","va_number":"578893000482340","ref_code":"378028975"}	R	1	100000
215	100	12022012715241I40OJ68012	2022-02-22	2022-02-23	{"payment_method":"BRIVA","va_number":"578893000482369","ref_code":"378030228"}	R	1	100000
216	100	12022012715241I40OJ680121	2022-02-22	2022-02-23	{"payment_method":"BRIVA","va_number":"578893000482371","ref_code":"378030338"}	R	1	100000
217	100	12022012715241I40OJ680122	2022-02-22	2022-02-23	{"payment_method":"BRIVA","va_number":"578893000482375","ref_code":"378030423"}	R	1	100000
218	100	12022012715241I40OJ6801221	2022-02-22	2022-02-23	{"payment_method":"BRIVA","va_number":"578893000482376","ref_code":"378030439"}	R	1	100000
219	102	1	2022-02-22	2022-02-23	{"payment_method":"BRIVA","va_number":"578893000482382","ref_code":"378030794"}	R	1	500000
220	102	1	2022-02-22	2022-02-23	{}	R	2	500000
221	102	2	2022-02-22	2022-02-23	{"payment_method":"BRIVA","va_number":"578893000482553","ref_code":"378037124"}	R	1	500000
222	102	3	2022-02-22	2022-02-23	{"payment_method":"BRIVA","va_number":"578893000482554","ref_code":"378037144"}	R	1	500000
223	102	4	2022-02-22	2022-02-23	{"payment_method":"BRIVA","va_number":"578893000482556","ref_code":"378037169"}	R	1	500000
224	102	5	2022-02-22	2022-02-23	{"payment_method":"BRIVA","va_number":"578893000482571","ref_code":"378037794"}	R	1	500000
225	102	6	2022-02-22	2022-02-23	{"payment_method":"BRIVA","va_number":"578893000482579","ref_code":"378037965"}	R	1	500000
226	102	7	2022-02-22	2022-02-23	{"payment_method":"BRIVA","va_number":"578893000482584","ref_code":"378038225"}	R	1	500000
227	102	8	2022-02-22	2022-02-23	{"payment_method":"BRIVA","va_number":"578893000482585","ref_code":"378038258"}	R	1	500000
228	102	9	2022-02-22	2022-02-23	{"payment_method":"BRIVA","va_number":"578893000482586","ref_code":"378038305"}	R	1	500000
229	102	10	2022-02-22	2022-02-23	{"payment_method":"BRIVA","va_number":"578893000482588","ref_code":"378038411"}	R	1	500000
230	102	11	2022-02-22	2022-02-23	{"payment_method":"BRIVA","va_number":"578893000482589","ref_code":"378038422"}	R	1	500000
231	102	12	2022-02-22	2022-02-23	{"payment_method":"BRIVA","va_number":"578893000482613","ref_code":"378039433"}	R	1	500000
232	102	13	2022-02-22	2022-02-23	{"payment_method":"BRIVA","va_number":"578893000482623","ref_code":"378039824"}	R	1	500000
233	102	14	2022-02-22	2022-02-23	{"payment_method":"BRIVA","va_number":"578893000482629","ref_code":"378039956"}	R	1	500000
234	102	15	2022-02-23	2022-02-24	{"payment_method":"BRIVA","va_number":"578893000484361","ref_code":"378105570"}	R	1	500000
235	102	16	2022-02-24	2022-02-25	{"payment_method":"BRIVA","va_number":"578893000485406","ref_code":"378139416"}	R	1	120000
236	102	21	2022-03-01	2022-03-02	{}	R	2	450000
237	102	26	2022-03-01	2022-03-02	{}	R	2	450000
238	102	27	2022-03-01	2022-03-02	{}	R	2	450000
239	102	28	2022-03-01	2022-03-02	{}	R	2	450000
240	102	29	2022-03-01	2022-03-02	{"payment_method":"BRIVA","va_number":"578893000495416","ref_code":"378453250"}	R	1	450000
241	102	30	2022-03-01	2022-03-02	{"payment_method":"BRIVA","va_number":"578893000495418","ref_code":"378453311"}	R	1	450000
242	102	31	2022-03-01	2022-03-02	{"payment_method":"BRIVA","va_number":"578893000495419","ref_code":"378453324"}	R	1	450000
243	102	32	2022-03-02	2022-03-03	{"payment_method":"BRIVA","va_number":"578893000496773","ref_code":"378484684"}	R	1	450000
244	102	33	2022-03-02	2022-03-03	{"payment_method":"BRIVA","va_number":"578893000497054","ref_code":"378494127"}	R	1	450000
245	102	34	2022-03-02	2022-03-03	{"payment_method":"BRIVA","va_number":"578893000497055","ref_code":"378494149"}	R	1	450000
246	102	1646978170/1/INV-ABC/03/2022	2022-03-11	2022-03-12	{"payment_method":"BRIVA","va_number":"578893000515576","ref_code":"379077419"}	R	1	120000
247	102	1646978398/1/INV-ABC/03/2022	2022-03-11	2022-03-12	{"payment_method":"BRIVA","va_number":"578893000515581","ref_code":"379077649"}	R	1	120000
248	102	1646978523/2/INV-ABC/03/2022	2022-03-11	2022-03-12	{"payment_method":"BRIVA","va_number":"578893000515584","ref_code":"379077787"}	R	1	120000
249	102	1646978551/1/INV-ABC/03/2022	2022-03-11	2022-03-12	{"payment_method":"BRIVA","va_number":"578893000515585","ref_code":"379077805"}	R	1	120000
250	102	1646978565/2/INV-ABC/03/2022	2022-03-11	2022-03-12	{"payment_method":"BRIVA","va_number":"578893000515586","ref_code":"379077815"}	R	1	120000
251	102	1646978661/3/INV-ABC/03/2022	2022-03-11	2022-03-12	{"payment_method":"BRIVA","va_number":"578893000515589","ref_code":"379077940"}	R	1	120000
252	102	1646978697/1/INV-ABC/03/2022	2022-03-11	2022-03-12	{"payment_method":"BRIVA","va_number":"578893000515591","ref_code":"379077986"}	R	1	120000
253	102	1646978713/2/INV-ABC/03/2022	2022-03-11	2022-03-12	{"payment_method":"BRIVA","va_number":"578893000515593","ref_code":"379078006"}	R	1	120000
254	102	1646978738/1/INV-ABC/03/2022	2022-03-11	2022-03-12	{"payment_method":"BRIVA","va_number":"578893000515594","ref_code":"379078036"}	R	1	120000
255	102	1646980735/1/INV-ABC/03/2022	2022-03-11	2022-03-12	{"payment_method":"BRIVA","va_number":"578893000515663","ref_code":"379080268"}	R	1	120000
256	102	1646980754/2/INV-ABC/03/2022	2022-03-11	2022-03-12	{"payment_method":"BRIVA","va_number":"578893000515664","ref_code":"379080292"}	R	1	500000
257	102	1646981171/1/INV-ABC/03/2022	2022-03-11	2022-03-12	{"payment_method":"BRIVA","va_number":"578893000515679","ref_code":"379080699"}	R	1	500000
258	102	1646981184/2/INV-ABC/03/2022	2022-03-11	2022-03-12	{"payment_method":"BRIVA","va_number":"578893000515680","ref_code":"379080711"}	R	1	120000
259	102	1646981251/1/INV-ABC/03/2022	2022-03-11	2022-03-12	{"payment_method":"BRIVA","va_number":"578893000515684","ref_code":"379080766"}	R	1	500000
260	102	1646981309/2/INV-ABC/03/2022	2022-03-11	2022-03-12	{"payment_method":"BRIVA","va_number":"578893000515688","ref_code":"379080817"}	R	1	120000
261	102	1646981329/1/INV-ABC/03/2022	2022-03-11	2022-03-12	{"payment_method":"BRIVA","va_number":"578893000515690","ref_code":"379080837"}	R	1	500000
262	102	1646981368/1/INV-ABC/03/2022	2022-03-11	2022-03-12	{"payment_method":"BRIVA","va_number":"578893000515694","ref_code":"379080870"}	R	1	500000
263	102	1646981392/2/INV-ABC/03/2022	2022-03-11	2022-03-12	{"payment_method":"BRIVA","va_number":"578893000515695","ref_code":"379080891"}	R	1	120000
264	102	1646981440/1/INV-ABC/03/2022	2022-03-11	2022-03-12	{"payment_method":"BRIVA","va_number":"578893000515696","ref_code":"379080932"}	R	1	500000
265	102	1646981771/2/INV-ABC/03/2022	2022-03-11	2022-03-12	{"payment_method":"BRIVA","va_number":"578893000515704","ref_code":"379081251"}	R	1	120000
266	102	1646982949/1/INV-ABC/03/2022	2022-03-11	2022-03-12	{"payment_method":"BRIVA","va_number":"578893000515743","ref_code":"379082344"}	R	1	500000
267	102	1646982956/2/INV-ABC/03/2022	2022-03-11	2022-03-12	{"payment_method":"BRIVA","va_number":"578893000515744","ref_code":"379082355"}	R	1	500000
268	102	1646983064/3/INV-ABC/03/2022	2022-03-11	2022-03-12	{"payment_method":"BRIVA","va_number":"578893000515748","ref_code":"379082468"}	R	1	500000
269	102	1646983117/1/INV-ABC/03/2022	2022-03-11	2022-03-12	{"payment_method":"BRIVA","va_number":"578893000515752","ref_code":"379082511"}	R	1	500000
270	102	1646983151/2/INV-ABC/03/2022	2022-03-11	2022-03-12	{"payment_method":"BRIVA","va_number":"578893000515756","ref_code":"379082544"}	R	1	500000
271	102	1646983235/1/INV-ABC/03/2022	2022-03-11	2022-03-12	{"payment_method":"BRIVA","va_number":"578893000515757","ref_code":"379082608"}	R	1	500000
272	102	1646983261/2/INV-ABC/03/2022	2022-03-11	2022-03-12	{"payment_method":"BRIVA","va_number":"578893000515759","ref_code":"379082632"}	R	1	120000
273	102	1646983315/1/INV-ABC/03/2022	2022-03-11	2022-03-12	{"payment_method":"BRIVA","va_number":"578893000515764","ref_code":"379082676"}	R	1	120000
274	102	1646983589/2/INV-ABC/03/2022	2022-03-11	2022-03-12	{"payment_method":"BRIVA","va_number":"578893000515775","ref_code":"379082927"}	R	1	120000
275	102	1646983656/3/INV-ABC/03/2022	2022-03-11	2022-03-12	{"payment_method":"BRIVA","va_number":"578893000515779","ref_code":"379083002"}	R	1	120000
276	102	1646990451/4/INV-ABC/03/2022	2022-03-11	2022-03-12	{"payment_method":"BRIVA","va_number":"578893000515955","ref_code":"379089688"}	R	1	90000
277	100	12022031415243I10FB2I8	2022-03-14	2022-03-15	{"payment_method":"BRIVA","va_number":"578893000524663","ref_code":"379317358"}	R	1	3300000
278	100	12022031415243I464FNCZ	2022-03-14	2022-03-15	{"payment_method":"BRIVA","va_number":"578893000524731","ref_code":"379318747"}	R	1	3300000
279	100	12022031416243I034V0B5	2022-03-14	2022-03-15	{"payment_method":"BRIVA","va_number":"578893000524831","ref_code":"379320551"}	R	1	3300000
280	100	442022031614243I710H7QN	2022-03-16	2022-03-17	{"payment_method":"BRIVA","va_number":"578893000534415","ref_code":"379439677"}	R	1	119900
281	100	442022031614243I08LP6PJ	2022-03-16	2022-03-17	{"payment_method":"BRIVA","va_number":"578893000534435","ref_code":"379439843"}	R	1	119900
282	100	442022031616243I87PMKX9	2022-03-16	2022-03-17	{"payment_method":"BRIVA","va_number":"578893000535124","ref_code":"379448812"}	R	1	119900
283	100	442022031616243I437KHQU	2022-03-16	2022-03-17	{"payment_method":"BRIVA","va_number":"578893000535183","ref_code":"379449624"}	R	1	682000
284	100	442022031618243I40FAJC0	2022-03-16	2022-03-17	{"payment_method":"BNIVA","va_number":"9887888450210155","ref_code":"379456905"}	R	3	4092000
285	100	442022031618243I0870F1Z	2022-03-16	2022-03-17	{"payment_method":"BRIVA","va_number":"578893000535667","ref_code":"379459417"}	R	1	682000
286	100	442022031619243I17O4XAL	2022-03-16	2022-03-17	{"payment_method":"BRIVA","va_number":"578893000536069","ref_code":"379466311"}	R	1	2046000
287	100	442022031620243I90PEIOI	2022-03-16	2022-03-17	{}	R	3	682000
288	100	442022031620243I23G3FIG	2022-03-16	2022-03-17	{}	R	3	682000
289	100	442022031620243I34IB20Z	2022-03-16	2022-03-17	{}	R	4	682000
290	100	442022031620243I10FRR4L	2022-03-16	2022-03-17	{}	R	4	682000
291	100	442022031620243I44H09NI	2022-03-16	2022-03-17	{}	R	4	682000
292	100	442022031620243I06S8HFY	2022-03-16	2022-03-17	{"payment_method":"MANDIRIVA","va_number":"888981000430245","ref_code":"379467991"}	R	4	682000
293	100	442022031620243I06IMBGB	2022-03-16	2022-03-17	{"payment_method":"MANDIRIVA","va_number":"888981000430258","ref_code":"379468417"}	R	4	682000
294	100	442022031620243I93ECUAZ	2022-03-16	2022-03-17	{"payment_method":"MANDIRIVA","va_number":"888981000430259","ref_code":"379468468"}	R	4	682000
295	100	442022031620243I0695DSW	2022-03-16	2022-03-17	{"payment_method":"MANDIRIVA","va_number":"888981000430262","ref_code":"379468518"}	R	4	682000
296	100	442022031620243I8689G7F	2022-03-16	2022-03-17	{"payment_method":"MANDIRIVA","va_number":"888981000430265","ref_code":"379468537"}	R	4	682000
297	100	442022031620243I553RT1V	2022-03-16	2022-03-17	{"payment_method":"MANDIRIVA","va_number":"888981000430270","ref_code":"379468703"}	R	4	594000
298	100	442022031620243I62P1IGE	2022-03-16	2022-03-17	{"payment_method":"MANDIRIVA","va_number":"888981000430335","ref_code":"379470666"}	R	4	682000
299	100	442022031620243I36X45EG	2022-03-16	2022-03-17	{"payment_method":"BNIVA","va_number":"9887888450210586","ref_code":"379470682"}	R	3	682000
300	100	442022031620243I94WSQ5Q	2022-03-16	2022-03-17	{"payment_method":"MANDIRIVA","va_number":"888981000430338","ref_code":"379470735"}	R	4	682000
301	100	442022031714243I6974H4E	2022-03-17	2022-03-18	{"payment_method":"BRIVA","va_number":"578893000541126","ref_code":"379521878"}	R	1	517000
302	100	442022031714243I06GOPVT	2022-03-17	2022-03-18	{"payment_method":"MANDIRIVA","va_number":"888981000432592","ref_code":"379521913"}	R	4	1551000
303	100	62022032410243I315ATB2	2022-03-24	2022-03-25	{}	R	4	360800
304	100	62022032410243I92E5HL9	2022-03-24	2022-03-25	{}	R	4	347600
305	100	62022032410243I03UDJ3F	2022-03-24	2022-03-25	{}	R	4	275000
306	100	72022032413243I66G4FYO	2022-03-24	2022-03-25	{}	R	4	286000
307	100	72022032413243I521B0NE	2022-03-24	2022-03-25	{}	R	4	561000
308	100	72022032413243I452WNLA	2022-03-24	2022-03-25	{}	R	4	561000
309	100	12022032413243I70QLY36	2022-03-24	2022-03-25	{"payment_method":"MANDIRIVA","va_number":"888981000454725","ref_code":"380087790"}	R	4	924000
310	100	72022032413243I42HAC3R	2022-03-24	2022-03-25	{}	R	4	572000
311	100	72022032413243I17P5A1K	2022-03-24	2022-03-25	{}	R	4	874500
312	100	72022032413243I740MZK9	2022-03-24	2022-03-25	{}	R	4	874500
313	100	72022032413243I545G3X2	2022-03-24	2022-03-25	{}	R	4	874500
314	100	72022032413243I98E99T4	2022-03-24	2022-03-25	{}	R	4	874500
315	100	72022032413243I53QRHEH	2022-03-24	2022-03-25	{}	R	4	874500
316	100	72022032414243I82AVMQV	2022-03-24	2022-03-25	{}	R	4	874500
317	100	72022032414243I92Y9PII	2022-03-24	2022-03-25	{}	R	4	874500
318	100	72022032414243I86K2PWW	2022-03-24	2022-03-25	{}	R	4	874500
319	100	72022032414243I06GEKBV	2022-03-24	2022-03-25	{"payment_method":"MANDIRIVA","va_number":"888981000454734","ref_code":"380088306"}	R	4	874500
320	100	72022032414243I08B87QX	2022-03-24	2022-03-25	{"payment_method":"MANDIRIVA","va_number":"888981000454740","ref_code":"380088364"}	R	4	634700
321	100	72022032414243I30BGMMM	2022-03-24	2022-03-25	{"payment_method":"MANDIRIVA","va_number":"888981000454757","ref_code":"380088860"}	R	4	634700
322	100	72022032414243I427EC1H	2022-03-24	2022-03-25	{"payment_method":"MANDIRIVA","va_number":"888981000454758","ref_code":"380088894"}	R	4	634700
323	100	72022032509243I83Y4CZW	2022-03-25	2022-03-26	{"payment_method":"MANDIRIVA","va_number":"888981000457446","ref_code":"380149842"}	R	4	148500
324	100	72022032509243I3262GZF	2022-03-25	2022-03-26	{"payment_method":"MANDIRIVA","va_number":"888981000457450","ref_code":"380149902"}	R	4	148500
325	100	72022032509243I97TDHMI	2022-03-25	2022-03-26	{"payment_method":"MANDIRIVA","va_number":"888981000457452","ref_code":"380149920"}	R	4	148500
326	100	72022032509243I31H4N7M	2022-03-25	2022-03-26	{"payment_method":"MANDIRIVA","va_number":"888981000457453","ref_code":"380149927"}	R	4	148500
327	100	72022032509243I84D6CBA	2022-03-25	2022-03-26	{"payment_method":"MANDIRIVA","va_number":"888981000457456","ref_code":"380150067"}	R	4	148500
328	100	72022032509243I294MDMT	2022-03-25	2022-03-26	{"payment_method":"MANDIRIVA","va_number":"888981000457457","ref_code":"380150075"}	R	4	148500
329	100	72022032509243I6481XB0	2022-03-25	2022-03-26	{"payment_method":"MANDIRIVA","va_number":"888981000457458","ref_code":"380150082"}	R	4	148500
330	100	72022032509243I751UN6V	2022-03-25	2022-03-26	{"payment_method":"MANDIRIVA","va_number":"888981000457459","ref_code":"380150088"}	R	4	148500
331	100	72022032509243I85L7BHK	2022-03-25	2022-03-26	{"payment_method":"MANDIRIVA","va_number":"888981000457460","ref_code":"380150157"}	R	4	148500
332	100	72022032509243I07HUF1N	2022-03-25	2022-03-26	{"payment_method":"MANDIRIVA","va_number":"888981000457465","ref_code":"380150206"}	R	4	517000
333	100	72022032511243I90RYL5Y	2022-03-25	2022-03-26	{"payment_method":"MANDIRIVA","va_number":"888981000457734","ref_code":"380158150"}	R	4	297000
334	100	72022032512243I5765QT9	2022-03-25	2022-03-26	{"payment_method":"MANDIRIVA","va_number":"888981000457882","ref_code":"380163560"}	R	4	330000
335	100	72022032512243I536FKRI	2022-03-25	2022-03-26	{"payment_method":"MANDIRIVA","va_number":"888981000457904","ref_code":"380164113"}	R	4	297000
336	100	102022032810243I49E8CFO	2022-03-28	2022-03-29	{"payment_method":"MANDIRIVA","va_number":"888981000466704","ref_code":"380395500"}	R	4	313500
337	100	442022040119244I18MBF2A	2022-04-01	2022-04-02	{"payment_method":"MANDIRIVA","va_number":"888981000480320","ref_code":"380734859"}	R	4	517000
338	100	442022040119244I69WKFB5	2022-04-01	2022-04-02	{"payment_method":"MANDIRIVA","va_number":"888981000480352","ref_code":"380736870"}	R	4	682000
339	100	172022040115244I42TS2BS	2022-04-01	2022-04-02	{"payment_method":"MANDIRIVA","va_number":"888981000480703","ref_code":"380748945"}	R	4	1452000
340	100	172022040115244I59Y1PJT	2022-04-01	2022-04-02	{"payment_method":"MANDIRIVA","va_number":"888981000480704","ref_code":"380748963"}	R	4	121000
341	100	62022040507244I851IYX7	2022-04-05	2022-04-06	{"payment_method":"MANDIRIVA","va_number":"888981000495076","ref_code":"381065771"}	R	4	115500
342	100	62022040507244I11GHP9L	2022-04-05	2022-04-06	{"payment_method":"MANDIRIVA","va_number":"888981000495082","ref_code":"381065973"}	R	4	115500
343	100	62022040507244I42NS7I2	2022-04-05	2022-04-06	{"payment_method":"MANDIRIVA","va_number":"888981000495083","ref_code":"381066094"}	R	4	115500
344	100	62022040507244I94OEO2A	2022-04-05	2022-04-06	{"payment_method":"MANDIRIVA","va_number":"888981000495086","ref_code":"381066158"}	R	4	115500
345	100	62022040507244I60P6IJH	2022-04-05	2022-04-06	{"payment_method":"MANDIRIVA","va_number":"888981000495087","ref_code":"381066171"}	R	4	115500
346	100	62022040507244I71EWYJ8	2022-04-05	2022-04-06	{"payment_method":"MANDIRIVA","va_number":"888981000495089","ref_code":"381066189"}	R	4	115500
347	100	62022040507244I868U7O4	2022-04-05	2022-04-06	{"payment_method":"MANDIRIVA","va_number":"888981000495095","ref_code":"381066473"}	R	4	110000
348	100	62022040507244I28KDVOC	2022-04-05	2022-04-06	{"payment_method":"MANDIRIVA","va_number":"888981000495098","ref_code":"381066516"}	R	4	110000
349	100	62022040507244I01A7LUV	2022-04-05	2022-04-06	{"payment_method":"MANDIRIVA","va_number":"888981000495101","ref_code":"381066544"}	R	4	110000
350	100	62022040507244I15E4UZL	2022-04-05	2022-04-06	{"payment_method":"MANDIRIVA","va_number":"888981000495104","ref_code":"381066575"}	R	4	110000
351	100	62022040507244I04VDBE6	2022-04-05	2022-04-06	{"payment_method":"MANDIRIVA","va_number":"888981000495105","ref_code":"381066592"}	R	4	110000
352	100	62022040507244I90NQKLN	2022-04-05	2022-04-06	{"payment_method":"MANDIRIVA","va_number":"888981000495106","ref_code":"381066605"}	R	4	110000
353	100	62022040507244I743QL28	2022-04-05	2022-04-06	{"payment_method":"MANDIRIVA","va_number":"888981000495133","ref_code":"381067445"}	R	4	297000
354	100	62022040507244I93DJNT1	2022-04-05	2022-04-06	{"payment_method":"MANDIRIVA","va_number":"888981000495136","ref_code":"381067480"}	R	4	297000
355	100	202022040511244I45XZJYE	2022-04-05	2022-04-06	{"payment_method":"MANDIRIVA","va_number":"888981000495601","ref_code":"381083016"}	R	4	110000
356	100	202022040511244I27B2SFD	2022-04-05	2022-04-06	{"payment_method":"MANDIRIVA","va_number":"888981000495605","ref_code":"381083137"}	R	4	132000
357	100	172022040712244I40U0I44	2022-04-07	2022-04-08	{"payment_method":"MANDIRIVA","va_number":"888981000500657","ref_code":"381257620"}	R	4	68200
358	100	512022042022244I867HN6L	2022-04-21	2022-04-22	{"payment_method":"MANDIRIVA","va_number":"888981000534394","ref_code":"382427958"}	R	4	75350
359	100	512022042022244I10MWS0V	2022-04-21	2022-04-22	{"payment_method":"MANDIRIVA","va_number":"888981000534396","ref_code":"382428029"}	R	4	75350
360	100	512022042022244I96VCDIQ	2022-04-21	2022-04-22	{"payment_method":"MANDIRIVA","va_number":"888981000534397","ref_code":"382428033"}	R	4	75350
361	100	512022042022244I3900TJ6	2022-04-21	2022-04-22	{"payment_method":"MANDIRIVA","va_number":"888981000534401","ref_code":"382428120"}	R	4	75350
362	100	42022042110244I67YKG6G	2022-04-21	2022-04-22	{"payment_method":"BRIVA","va_number":"578893000724414","ref_code":"382470922"}	R	1	794750
363	100	42022042110244I4309TES	2022-04-21	2022-04-22	{"payment_method":"BRIVA","va_number":"578893000724416","ref_code":"382470951"}	R	1	794750
364	100	42022042110244I53EWCMF	2022-04-21	2022-04-22	{"payment_method":"BRIVA","va_number":"578893000724417","ref_code":"382470952"}	R	1	794750
365	100	42022042110244I24916X0	2022-04-21	2022-04-22	{"payment_method":"BRIVA","va_number":"578893000724424","ref_code":"382471064"}	R	1	794750
\.


--
-- Data for Name: m_payment_method; Type: TABLE DATA; Schema: public; Owner: postgres
--

COPY public.m_payment_method (id, payment_method_code, payment_method_name, description, logo) FROM stdin;
1	BRIVA	BRI Virtual Account		\N
2	BCAVA	BCA Virtual Account		\N
3	BNIVA	BNI Virtual Account		\N
4	MANDIRIVA	Mandiri Virtual Account		\N
5	QRIS	QRIS		\N
\.


--
-- Data for Name: m_system; Type: TABLE DATA; Schema: public; Owner: postgres
--

COPY public.m_system (id, system_code, system_name, description, logo, callback_url) FROM stdin;
1	100	TapTap Presensi		\N	https://api.taptap-presensi.com/hook/payment
3	101	Whatsapp Sender	 	\N	https://wa.taptap-presensi.com/hook/payment
2	99	Development	 	\N	https://billing.pttas.xyz/confirm-payent
4	102	Bootcamp	 	\N	https://bootcamp.pttas.xyz/
\.


--
-- Data for Name: migrations; Type: TABLE DATA; Schema: public; Owner: postgres
--

COPY public.migrations (id, migration, batch) FROM stdin;
8	2014_10_12_000000_create_users_table	1
9	2014_10_12_100000_create_password_resets_table	1
10	2019_08_19_000000_create_failed_jobs_table	1
11	2021_06_28_075222_init_payment_method	2
12	2021_06_28_083036_init_system	2
13	2021_06_28_083607_create_invoice_table	2
14	2021_06_29_222709_alter_system_add_callback_url	2
15	2021_08_19_134608_init_user	3
16	2022_01_21_113933_add_payment_method_qris	4
\.


--
-- Data for Name: password_resets; Type: TABLE DATA; Schema: public; Owner: postgres
--

COPY public.password_resets (email, token, created_at) FROM stdin;
\.


--
-- Data for Name: users; Type: TABLE DATA; Schema: public; Owner: postgres
--

COPY public.users (id, name, email, email_verified_at, password, remember_token, created_at, updated_at) FROM stdin;
1	Admin	agung@teknosejahtera.com	\N	$2y$10$C8jK6Clno5y5ehrC6c6oVeVI3xj7dvyyuGSnq8lxB9g/JE5MSD7/i	\N	\N	\N
\.


--
-- Name: failed_jobs_id_seq; Type: SEQUENCE SET; Schema: public; Owner: postgres
--

SELECT pg_catalog.setval('public.failed_jobs_id_seq', 1, false);


--
-- Name: invoice_id_seq; Type: SEQUENCE SET; Schema: public; Owner: postgres
--

SELECT pg_catalog.setval('public.invoice_id_seq', 365, true);


--
-- Name: m_payment_method_id_seq; Type: SEQUENCE SET; Schema: public; Owner: postgres
--

SELECT pg_catalog.setval('public.m_payment_method_id_seq', 5, true);


--
-- Name: m_system_id_seq; Type: SEQUENCE SET; Schema: public; Owner: postgres
--

SELECT pg_catalog.setval('public.m_system_id_seq', 4, true);


--
-- Name: migrations_id_seq; Type: SEQUENCE SET; Schema: public; Owner: postgres
--

SELECT pg_catalog.setval('public.migrations_id_seq', 16, true);


--
-- Name: users_id_seq; Type: SEQUENCE SET; Schema: public; Owner: postgres
--

SELECT pg_catalog.setval('public.users_id_seq', 1, true);


--
-- Name: failed_jobs failed_jobs_pkey; Type: CONSTRAINT; Schema: public; Owner: postgres
--

ALTER TABLE ONLY public.failed_jobs
    ADD CONSTRAINT failed_jobs_pkey PRIMARY KEY (id);


--
-- Name: failed_jobs failed_jobs_uuid_unique; Type: CONSTRAINT; Schema: public; Owner: postgres
--

ALTER TABLE ONLY public.failed_jobs
    ADD CONSTRAINT failed_jobs_uuid_unique UNIQUE (uuid);


--
-- Name: invoice invoice_pkey; Type: CONSTRAINT; Schema: public; Owner: postgres
--

ALTER TABLE ONLY public.invoice
    ADD CONSTRAINT invoice_pkey PRIMARY KEY (id);


--
-- Name: m_payment_method m_payment_method_payment_method_code_unique; Type: CONSTRAINT; Schema: public; Owner: postgres
--

ALTER TABLE ONLY public.m_payment_method
    ADD CONSTRAINT m_payment_method_payment_method_code_unique UNIQUE (payment_method_code);


--
-- Name: m_payment_method m_payment_method_pkey; Type: CONSTRAINT; Schema: public; Owner: postgres
--

ALTER TABLE ONLY public.m_payment_method
    ADD CONSTRAINT m_payment_method_pkey PRIMARY KEY (id);


--
-- Name: m_system m_system_pkey; Type: CONSTRAINT; Schema: public; Owner: postgres
--

ALTER TABLE ONLY public.m_system
    ADD CONSTRAINT m_system_pkey PRIMARY KEY (id);


--
-- Name: m_system m_system_system_code_unique; Type: CONSTRAINT; Schema: public; Owner: postgres
--

ALTER TABLE ONLY public.m_system
    ADD CONSTRAINT m_system_system_code_unique UNIQUE (system_code);


--
-- Name: migrations migrations_pkey; Type: CONSTRAINT; Schema: public; Owner: postgres
--

ALTER TABLE ONLY public.migrations
    ADD CONSTRAINT migrations_pkey PRIMARY KEY (id);


--
-- Name: users users_email_unique; Type: CONSTRAINT; Schema: public; Owner: postgres
--

ALTER TABLE ONLY public.users
    ADD CONSTRAINT users_email_unique UNIQUE (email);


--
-- Name: users users_pkey; Type: CONSTRAINT; Schema: public; Owner: postgres
--

ALTER TABLE ONLY public.users
    ADD CONSTRAINT users_pkey PRIMARY KEY (id);


--
-- Name: invoice_invoice_number_index; Type: INDEX; Schema: public; Owner: postgres
--

CREATE INDEX invoice_invoice_number_index ON public.invoice USING btree (invoice_number);


--
-- Name: invoice_payment_method_id_index; Type: INDEX; Schema: public; Owner: postgres
--

CREATE INDEX invoice_payment_method_id_index ON public.invoice USING btree (payment_method_id);


--
-- Name: invoice_status_index; Type: INDEX; Schema: public; Owner: postgres
--

CREATE INDEX invoice_status_index ON public.invoice USING btree (status);


--
-- Name: invoice_system_code_index; Type: INDEX; Schema: public; Owner: postgres
--

CREATE INDEX invoice_system_code_index ON public.invoice USING btree (system_code);


--
-- Name: invoice_system_code_invoice_number_payment_method_id_index; Type: INDEX; Schema: public; Owner: postgres
--

CREATE INDEX invoice_system_code_invoice_number_payment_method_id_index ON public.invoice USING btree (system_code, invoice_number, payment_method_id);


--
-- Name: password_resets_email_index; Type: INDEX; Schema: public; Owner: postgres
--

CREATE INDEX password_resets_email_index ON public.password_resets USING btree (email);


--
-- PostgreSQL database dump complete
--

